Date,Name,Year,Month,Day,Weekday,Types,IsObserved,Country,Locations,States
2022-01-01,"New Year's Day",2022,1,1,Sat,Local holiday,,United States,TX,Texas
2022-01-01,"New Year's Day",2022,1,1,Sat,Local holiday,,United States,"MA, MS, NY, WI","Massachusetts,Mississippi,New York,Wisconsin"
2022-01-01,"New Year's Day",2022,1,1,Sat,Local holiday,,United States,"All except MA, MS, NY, RI, TX, WI","Alabama,Alaska,Arizona,Arkansas,California,Colorado,Connecticut,Florida,Delaware,District of Columbia,Georgia,Hawaii,Idaho,Illinois,Indiana,Iowa,Kansas,Kentucky,Louisiana,Maryland,Maine,Michigan,Minnesota,Missouri,Montana,Nebraska,Nevada,New Jersey,New Hampshire,New Mexico,North Carolina,North Dakota,Ohio,Oklahoma,Oregon,Pennsylvania,South Carolina,South Dakota,Tennessee,Utah,Vermont,Virginia,Washington,West Virginia,Wyoming"
2022-01-01,"New Year's Day",2022,1,1,Sat,National holiday,,United States,,
2022-01-01,"New Year's Day",2022,1,1,Sat,Local holiday,,United States,RI,Rhode Island
2022-01-03,"New Year's Day",2022,1,3,Mon,Local holiday,1,United States,RI,Rhode Island
2022-01-04,World Braille Day,2022,1,4,Tue,United Nations observance,,United States,,
2022-01-06,Epiphany,2022,1,6,Thu,Christian,,United States,,
2022-01-07,Orthodox Christmas Day,2022,1,7,Fri,Orthodox,,United States,,
2022-01-07,"International Programmers' Day",2022,1,7,Fri,Worldwide observance,,United States,,
2022-01-07,Estelle Reel Day,2022,1,7,Fri,Local observance,,United States,WY,Wyoming
2022-01-13,Stephen Foster Memorial Day,2022,1,13,Thu,Observance,,United States,,
2022-01-14,Orthodox New Year,2022,1,14,Fri,Orthodox,,United States,,
2022-01-16,World Religion Day,2022,1,16,Sun,Worldwide observance,,United States,,
2022-01-17,"Tu Bishvat/Tu B'Shevat",2022,1,17,Mon,Hebrew,,United States,,
2022-01-17,Martin Luther King Jr. Day,2022,1,17,Mon,National holiday,,United States,,
2022-01-17,Martin Luther King Jr. Day,2022,1,17,Mon,Local holiday,,United States,,"Alabama,Alaska,Arizona,Arkansas,California,Colorado,Connecticut,Florida,Delaware,District of Columbia,Georgia,Hawaii,Idaho,Illinois,Indiana,Iowa,Kansas,Kentucky,Louisiana,Massachusetts,Maine,Maryland,Michigan,Minnesota,Missouri,Mississippi,Montana,Nebraska,New Hampshire,Nevada,New Jersey,New Mexico,North Carolina,New York,North Dakota,Ohio,Oklahoma,Oregon,Pennsylvania,Rhode Island,South Carolina,South Dakota,Tennessee,Texas,Utah,Vermont,Virginia,Washington,West Virginia,Wyoming,Wisconsin"
2022-01-17,"Robert E. Lee's Birthday",2022,1,17,Mon,Local holiday,,United States,MS,Mississippi
2022-01-17,"Robert E. Lee's Birthday",2022,1,17,Mon,Local holiday,,United States,AL,Alabama
2022-01-17,Idaho Human Rights Day,2022,1,17,Mon,Local holiday,,United States,ID,Idaho
2022-01-17,Civil Rights Day,2022,1,17,Mon,Local holiday,,United States,NH,New Hampshire
2022-01-17,Civil Rights Day,2022,1,17,Mon,Local holiday,,United States,AZ,Arizona
2022-01-19,"Robert E. Lee's Birthday",2022,1,19,Wed,Local observance,,United States,FL,Florida
2022-01-19,"Confederate Heroes' Day",2022,1,19,Wed,Local holiday,,United States,TX,Texas
2022-01-24,International Day of Education,2022,1,24,Mon,United Nations observance,,United States,,
2022-01-26,International Customs Day,2022,1,26,Wed,Worldwide observance,,United States,,
2022-01-27,International Day of Commemoration in Memory of the Victims of the Holocaust,2022,1,27,Thu,United Nations observance,,United States,,
2022-01-29,Kansas Day,2022,1,29,Sat,Observance,,United States,KS,Kansas
2022-01-30,World Leprosy Day,2022,1,30,Sun,Worldwide observance,,United States,,
2022-02-01,National Freedom Day,2022,2,1,Tue,Observance,,United States,,
2022-02-01,Lunar New Year,2022,2,1,Tue,Observance,,United States,,
2022-02-01,First Day of Black History Month,2022,2,1,Tue,Observance,,United States,,
2022-02-02,World Wetlands Day,2022,2,2,Wed,Worldwide observance,,United States,,
2022-02-02,Groundhog Day,2022,2,2,Wed,Observance,,United States,,
2022-02-04,International Day of Human Fraternity,2022,2,4,Fri,United Nations observance,,United States,,
2022-02-04,World Cancer Day,2022,2,4,Fri,Worldwide observance,,United States,,
2022-02-04,Rosa Parks Day,2022,2,4,Fri,Local holiday,,United States,NY,New York
2022-02-04,Rosa Parks Day,2022,2,4,Fri,Local observance,,United States,MO,Missouri
2022-02-04,Rosa Parks Day,2022,2,4,Fri,Local observance,,United States,CA,California
2022-02-04,National Wear Red Day,2022,2,4,Fri,Observance,,United States,,
2022-02-06,International Day of Zero Tolerance for Female Genital Mutilation,2022,2,6,Sun,United Nations observance,,United States,,
2022-02-06,Ronald Reagan Day,2022,2,6,Sun,Local observance,,United States,CA,California
2022-02-10,World Pulses Day,2022,2,10,Thu,United Nations observance,,United States,,
2022-02-11,International Day of Women and Girls in Science,2022,2,11,Fri,United Nations observance,,United States,,
2022-02-11,World Day of the Sick,2022,2,11,Fri,Worldwide observance,,United States,,
2022-02-11,"Lincoln's Birthday",2022,2,11,Fri,Local holiday,1,United States,"CT, IL, NY, MO","Connecticut,Illinois,New York,Missouri"
2022-02-12,"Lincoln's Birthday",2022,2,12,Sat,Local holiday,,United States,"CT, IL, NY, MO","Connecticut,Illinois,New York,Missouri"
2022-02-12,"Lincoln's Birthday",2022,2,12,Sat,Local observance,,United States,FL,Florida
2022-02-12,Georgia Day,2022,2,12,Sat,Local observance,,United States,GA,Georgia
2022-02-13,World Radio Day,2022,2,13,Sun,United Nations observance,,United States,,
2022-02-13,Super Bowl,2022,2,13,Sun,Sporting event,,United States,,
2022-02-14,"Valentine's Day",2022,2,14,Mon,Observance,,United States,,
2022-02-14,Statehood Day,2022,2,14,Mon,Local observance,,United States,AZ,Arizona
2022-02-15,"Susan B. Anthony's Birthday",2022,2,15,Tue,Local observance,,United States,CO,Colorado
2022-02-15,"Susan B. Anthony's Birthday",2022,2,15,Tue,Local observance,,United States,FL,Florida
2022-02-15,"Susan B. Anthony's Birthday",2022,2,15,Tue,Local observance,,United States,NY,New York
2022-02-15,"Susan B. Anthony's Birthday",2022,2,15,Tue,Local observance,,United States,CA,California
2022-02-15,"Susan B. Anthony's Birthday",2022,2,15,Tue,Local observance,,United States,WI,Wisconsin
2022-02-16,Elizabeth Peratrovich Day,2022,2,16,Wed,Local holiday,,United States,AK,Alaska
2022-02-20,World Day of Social Justice,2022,2,20,Sun,United Nations observance,,United States,,
2022-02-21,International Mother Language Day,2022,2,21,Mon,United Nations observance,,United States,,
2022-02-21,"Presidents' Day",2022,2,21,Mon,National holiday,,United States,,
2022-02-21,"Presidents' Day",2022,2,21,Mon,Local holiday,,United States,"All except DE, FL, GA, IA, KS, KY, LA, NC, RI, WI","Alabama,Alaska,Arizona,Arkansas,California,Colorado,Connecticut,Hawaii,Idaho,Illinois,Indiana,Maine,Maryland,Massachusetts,Michigan,Minnesota,Mississippi,Missouri,Montana,Nebraska,Nevada,New Hampshire,New Jersey,New Mexico,New York,North Dakota,Ohio,Oklahoma,Oregon,Pennsylvania,South Carolina,South Dakota,Tennessee,Texas,Utah,Vermont,Virginia,Washington,West Virginia,Wyoming,District of Columbia"
2022-02-21,"Presidents' Day",2022,2,21,Mon,Local holiday,,United States,"KS, KY, LA, NC, RI, WI","Kansas,Kentucky,Louisiana,North Carolina,Rhode Island,Wisconsin"
2022-02-21,Daisy Gatson Bates Day,2022,2,21,Mon,Local holiday,,United States,AR,Arkansas
2022-02-25,George Rogers Clark Day,2022,2,25,Fri,Local observance,,United States,IN,Indiana
2022-02-28,Maha Shivaratri,2022,2,28,Mon,Hinduism,,United States,,
2022-02-28,Linus Pauling Day,2022,2,28,Mon,Local observance,,United States,OR,Oregon
2022-03-01,"Isra and Mi'raj",2022,3,1,Tue,Muslim,,United States,,
2022-03-01,Zero Discrimination Day,2022,3,1,Tue,United Nations observance,,United States,,
2022-03-01,Self-Injury Awareness Day,2022,3,1,Tue,Worldwide observance,,United States,,
2022-03-01,Shrove Tuesday/Mardi Gras,2022,3,1,Tue,"Observance,Christian",,United States,,
2022-03-01,Shrove Tuesday/Mardi Gras,2022,3,1,Tue,Local holiday,,United States,AL (partly),Alabama
2022-03-01,Shrove Tuesday/Mardi Gras,2022,3,1,Tue,Local holiday,,United States,MS (community),Mississippi
2022-03-01,Shrove Tuesday/Mardi Gras,2022,3,1,Tue,Local holiday,,United States,LA,Louisiana
2022-03-01,Shrove Tuesday/Mardi Gras,2022,3,1,Tue,Local holiday,,United States,FL (community),Florida
2022-03-01,"St. David's Day",2022,3,1,Tue,"Observance,Christian",,United States,,
2022-03-01,Town Meeting Day,2022,3,1,Tue,Local holiday,,United States,VT,Vermont
2022-03-01,"First Day of Women's History Month",2022,3,1,Tue,Observance,,United States,,
2022-03-01,First Day of Irish American Heritage Month,2022,3,1,Tue,Observance,,United States,,
2022-03-02,Ash Wednesday,2022,3,2,Wed,Christian,,United States,,
2022-03-02,Texas Independence Day,2022,3,2,Wed,Local holiday,,United States,TX,Texas
2022-03-02,Read Across America Day,2022,3,2,Wed,Observance,,United States,,
2022-03-03,World Wildlife Day,2022,3,3,Thu,United Nations observance,,United States,,
2022-03-04,Casimir Pulaski Day,2022,3,4,Fri,Local observance,,United States,WI,Wisconsin
2022-03-04,Employee Appreciation Day,2022,3,4,Fri,Observance,,United States,,
2022-03-07,Casimir Pulaski Day,2022,3,7,Mon,Local observance,,United States,IN,Indiana
2022-03-07,Casimir Pulaski Day,2022,3,7,Mon,Local observance,,United States,IL,Illinois
2022-03-08,"International Women's Day",2022,3,8,Tue,United Nations observance,,United States,,
2022-03-10,International Day of Women Judges,2022,3,10,Thu,United Nations observance,,United States,,
2022-03-10,World Kidney Day,2022,3,10,Thu,Worldwide observance,,United States,,
2022-03-13,Daylight Saving Time starts,2022,3,13,Sun,Clock change/Daylight Saving Time,,United States,,
2022-03-17,Purim,2022,3,17,Thu,Hebrew,,United States,,
2022-03-17,"St. Patrick's Day",2022,3,17,Thu,"Observance,Christian",,United States,,
2022-03-17,Evacuation Day,2022,3,17,Thu,Local holiday,,United States,MA (partly),Massachusetts
2022-03-18,Holi,2022,3,18,Fri,Hinduism,,United States,,
2022-03-20,French Language Day,2022,3,20,Sun,United Nations observance,,United States,,
2022-03-20,International Day of Happiness,2022,3,20,Sun,United Nations observance,,United States,,
2022-03-20,March Equinox,2022,3,20,Sun,Season,,United States,,
2022-03-21,International Day for the Elimination of Racial Discrimination,2022,3,21,Mon,United Nations observance,,United States,,
2022-03-21,World Poetry Day,2022,3,21,Mon,United Nations observance,,United States,,
2022-03-21,International Day of Nowruz,2022,3,21,Mon,United Nations observance,,United States,,
2022-03-21,World Down Syndrome Day,2022,3,21,Mon,United Nations observance,,United States,,
2022-03-21,International Day of Forests,2022,3,21,Mon,United Nations observance,,United States,,
2022-03-22,World Water Day,2022,3,22,Tue,United Nations observance,,United States,,
2022-03-23,World Meteorological Day,2022,3,23,Wed,United Nations observance,,United States,,
2022-03-24,World Tuberculosis Day,2022,3,24,Thu,United Nations observance,,United States,,
2022-03-24,International Day for the Right to the Truth concerning Gross Human Rights Violations and for the Dignity of Victims,2022,3,24,Thu,United Nations observance,,United States,,
2022-03-25,International Day of Remembrance of Slavery Victims and the Transatlantic Slave Trade,2022,3,25,Fri,United Nations observance,,United States,,
2022-03-25,International Day of Solidarity with Detained and Missing Staff Members,2022,3,25,Fri,United Nations observance,,United States,,
2022-03-25,Maryland Day,2022,3,25,Fri,Local observance,,United States,MD,Maryland
2022-03-25,Prince Jonah Kuhio Kalanianaole Day,2022,3,25,Fri,Local holiday,1,United States,HI,Hawaii
2022-03-26,Earth Hour,2022,3,26,Sat,Worldwide observance,,United States,,
2022-03-26,Prince Jonah Kuhio Kalanianaole Day,2022,3,26,Sat,Local holiday,,United States,HI,Hawaii
2022-03-28,"Seward's Day",2022,3,28,Mon,Local holiday,,United States,AK,Alaska
2022-03-29,National Vietnam War Veterans Day,2022,3,29,Tue,Observance,,United States,,
2022-03-30,Wyoming Veterans Welcome Home Day,2022,3,30,Wed,Local observance,,United States,WY,Wyoming
2022-03-30,"Doctors' Day",2022,3,30,Wed,Observance,,United States,,
2022-03-30,Vietnam Veterans Day,2022,3,30,Wed,Local observance,,United States,DE,Delaware
2022-03-30,Vietnam Veteran Recognition Day,2022,3,30,Wed,Local observance,,United States,WV,West Virginia
2022-03-31,César Chávez Day,2022,3,31,Thu,Local holiday,,United States,CO (optional),Colorado
2022-03-31,César Chávez Day,2022,3,31,Thu,Local holiday,,United States,TX (optional),Texas
2022-03-31,César Chávez Day,2022,3,31,Thu,Local holiday,,United States,CA,California
2022-03-31,César Chávez Day,2022,3,31,Thu,Local holiday,,United States,"AZ (partly), MI (partly), NV (partly), NM (partly), UT (partly), WI (partly), WA (partly)","Arizona,Michigan,Nevada,New Mexico,Utah,Wisconsin,Washington"
2022-04-01,"April Fool's Day",2022,4,1,Fri,Worldwide observance,,United States,,
2022-04-01,Pascua Florida Day,2022,4,1,Fri,Local observance,1,United States,FL,Florida
2022-04-02,World Autism Awareness Day,2022,4,2,Sat,United Nations observance,,United States,,
2022-04-02,Pascua Florida Day,2022,4,2,Sat,Local observance,,United States,FL,Florida
2022-04-03,Ramadan Starts,2022,4,3,Sun,Muslim,,United States,,
2022-04-04,"United Nations' Mine Awareness Day",2022,4,4,Mon,United Nations observance,,United States,,
2022-04-05,International Day of Conscience,2022,4,5,Tue,United Nations observance,,United States,,
2022-04-06,International Day of Sport for Development and Peace,2022,4,6,Wed,United Nations observance,,United States,,
2022-04-06,National Tartan Day,2022,4,6,Wed,Observance,,United States,,
2022-04-07,"United Nations' World Health Day",2022,4,7,Thu,United Nations observance,,United States,,
2022-04-07,Day of Remembrance of the Victims of the Rwanda Genocide,2022,4,7,Thu,United Nations observance,,United States,,
2022-04-10,Palm Sunday,2022,4,10,Sun,Christian,,United States,,
2022-04-12,International Day of Human Space Flight,2022,4,12,Tue,United Nations observance,,United States,,
2022-04-12,"National Library Workers' Day",2022,4,12,Tue,Observance,,United States,,
2022-04-13,"Thomas Jefferson's Birthday",2022,4,13,Wed,Observance,,United States,,
2022-04-14,Maundy Thursday,2022,4,14,Thu,Christian,,United States,,
2022-04-14,World Chagas Disease Day,2022,4,14,Thu,United Nations observance,,United States,,
2022-04-15,Passover Eve,2022,4,15,Fri,Hebrew,,United States,,
2022-04-15,Good Friday,2022,4,15,Fri,"Local holiday,Christian",,United States,"CT, HI, DE, IN, KY, LA, NJ, NC, ND, TN, TX (optional)","Connecticut,Hawaii,Delaware,Indiana,Kentucky,Louisiana,New Jersey,North Carolina,North Dakota,Tennessee,Texas"
2022-04-15,Father Damien Day,2022,4,15,Fri,Local observance,,United States,HI,Hawaii
2022-04-15,Emancipation Day,2022,4,15,Fri,Local holiday,1,United States,DC,District of Columbia
2022-04-15,Arbor Day,2022,4,15,Fri,Local observance,,United States,CO,Colorado
2022-04-16,Holy Saturday,2022,4,16,Sat,Christian,,United States,,
2022-04-16,Passover (first day),2022,4,16,Sat,Hebrew,,United States,,
2022-04-16,Emancipation Day,2022,4,16,Sat,Local holiday,,United States,DC,District of Columbia
2022-04-17,Easter Sunday,2022,4,17,Sun,"Observance,Christian",,United States,,
2022-04-18,International Day for Monuments and Sites,2022,4,18,Mon,Worldwide observance,,United States,,
2022-04-18,Easter Monday,2022,4,18,Mon,"Observance,Christian",,United States,,
2022-04-18,Tax Day,2022,4,18,Mon,Observance,,United States,,
2022-04-18,"Patriots' Day",2022,4,18,Mon,Local holiday,,United States,"ME, MA","Maine,Massachusetts"
2022-04-18,Boston Marathon,2022,4,18,Mon,Sporting event,,United States,,
2022-04-20,Chinese Language Day,2022,4,20,Wed,United Nations observance,,United States,,
2022-04-21,World Creativity and Innovation Day,2022,4,21,Thu,United Nations observance,,United States,,
2022-04-21,San Jacinto Day,2022,4,21,Thu,Local holiday,,United States,TX,Texas
2022-04-22,Orthodox Good Friday,2022,4,22,Fri,Orthodox,,United States,,
2022-04-22,Earth Day,2022,4,22,Fri,United Nations observance,,United States,,
2022-04-22,Oklahoma Day,2022,4,22,Fri,Local observance,,United States,OK,Oklahoma
2022-04-23,Last Day of Passover,2022,4,23,Sat,Hebrew,,United States,,
2022-04-23,Orthodox Holy Saturday,2022,4,23,Sat,Orthodox,,United States,,
2022-04-23,World Book and Copyright Day,2022,4,23,Sat,United Nations observance,,United States,,
2022-04-23,English Language Day,2022,4,23,Sat,United Nations observance,,United States,,
2022-04-24,Orthodox Easter,2022,4,24,Sun,Orthodox,,United States,,
2022-04-24,International Day of Multilateralism and Diplomacy for Peace,2022,4,24,Sun,United Nations observance,,United States,,
2022-04-25,Orthodox Easter Monday,2022,4,25,Mon,Orthodox,,United States,,
2022-04-25,"International Delegate's Day",2022,4,25,Mon,United Nations observance,,United States,,
2022-04-25,World Malaria Day,2022,4,25,Mon,United Nations observance,,United States,,
2022-04-25,Arbor Day,2022,4,25,Mon,Local observance,,United States,WY,Wyoming
2022-04-25,Confederate Memorial Day,2022,4,25,Mon,Local holiday,,United States,AL,Alabama
2022-04-25,Confederate Memorial Day,2022,4,25,Mon,Local holiday,,United States,MS,Mississippi
2022-04-25,State Holiday,2022,4,25,Mon,Local holiday,,United States,GA,Georgia
2022-04-26,World Intellectual Property Day,2022,4,26,Tue,United Nations observance,,United States,,
2022-04-26,International Chernobyl Disaster Remembrance Day,2022,4,26,Tue,United Nations observance,,United States,,
2022-04-26,"Confederate Heroes' Day",2022,4,26,Tue,Local observance,,United States,FL,Florida
2022-04-27,Yom HaShoah,2022,4,27,Wed,Hebrew,,United States,,
2022-04-27,Administrative Professionals Day,2022,4,27,Wed,Observance,,United States,,
2022-04-28,Lailat al-Qadr,2022,4,28,Thu,Muslim,,United States,,
2022-04-28,International Girls in ICT Day,2022,4,28,Thu,United Nations observance,,United States,,
2022-04-28,World Day for Safety and Health at Work,2022,4,28,Thu,United Nations observance,,United States,,
2022-04-28,Take our Daughters and Sons to Work Day,2022,4,28,Thu,Observance,,United States,,
2022-04-29,Arbor Day,2022,4,29,Fri,Local holiday,,United States,NE,Nebraska
2022-04-29,Arbor Day,2022,4,29,Fri,Local observance,,United States,DE,Delaware
2022-04-30,International Jazz Day,2022,4,30,Sat,United Nations observance,,United States,,
2022-05-01,Law Day,2022,5,1,Sun,Observance,,United States,,
2022-05-01,Loyalty Day,2022,5,1,Sun,Observance,,United States,,
2022-05-01,Lei Day,2022,5,1,Sun,Local observance,,United States,HI,Hawaii
2022-05-01,First Day of Asian Pacific American Heritage Month,2022,5,1,Sun,Observance,,United States,,
2022-05-01,First Day of Jewish American Heritage Month,2022,5,1,Sun,Observance,,United States,,
2022-05-02,World Tuna Day,2022,5,2,Mon,United Nations observance,,United States,,
2022-05-03,Eid al-Fitr,2022,5,3,Tue,Muslim,,United States,,
2022-05-03,World Press Freedom Day,2022,5,3,Tue,United Nations observance,,United States,,
2022-05-04,Kent State Shootings Remembrance,2022,5,4,Wed,Local observance,,United States,OH,Ohio
2022-05-04,Rhode Island Independence Day,2022,5,4,Wed,Local observance,,United States,RI,Rhode Island
2022-05-05,"Yom Ha'atzmaut",2022,5,5,Thu,Hebrew,,United States,,
2022-05-05,World Portuguese Language Day,2022,5,5,Thu,United Nations observance,,United States,,
2022-05-05,Cinco de Mayo,2022,5,5,Thu,Observance,,United States,,
2022-05-05,National Day of Prayer,2022,5,5,Thu,Observance,,United States,,
2022-05-05,West Virginia Day of Prayer,2022,5,5,Thu,Local observance,,United States,WV,West Virginia
2022-05-06,Kentucky Oaks,2022,5,6,Fri,Sporting event,,United States,,
2022-05-06,National Nurses Day,2022,5,6,Fri,Observance,,United States,,
2022-05-06,Military Spouse Appreciation Day,2022,5,6,Fri,Observance,,United States,,
2022-05-06,Military Spouse Appreciation Day,2022,5,6,Fri,Local observance,,United States,DE,Delaware
2022-05-07,Kentucky Derby,2022,5,7,Sat,Sporting event,,United States,,
2022-05-07,National Explosive Ordnance Disposal (EOD) Day,2022,5,7,Sat,Observance,,United States,,
2022-05-08,Time of Remembrance and Reconciliation for Those Who Lost Their Lives during the Second World War,2022,5,8,Sun,United Nations observance,,United States,,
2022-05-08,World Ovarian Cancer Day,2022,5,8,Sun,Worldwide observance,,United States,,
2022-05-08,World Red Cross and Red Crescent Day,2022,5,8,Sun,Worldwide observance,,United States,,
2022-05-08,"Mother's Day",2022,5,8,Sun,Local holiday,,United States,AZ,Arizona
2022-05-08,"Mother's Day",2022,5,8,Sun,Observance,,United States,,
2022-05-08,Truman Day,2022,5,8,Sun,Local holiday,,United States,MO,Missouri
2022-05-08,Victory in Europe Day,2022,5,8,Sun,Observance,,United States,,
2022-05-09,Truman Day,2022,5,9,Mon,Local holiday,1,United States,MO,Missouri
2022-05-10,International Day of Argania,2022,5,10,Tue,United Nations observance,,United States,,
2022-05-10,Confederate Memorial Day,2022,5,10,Tue,Local observance,,United States,NC,North Carolina
2022-05-10,Confederate Memorial Day,2022,5,10,Tue,Local holiday,,United States,SC,South Carolina
2022-05-10,Primary Election Day,2022,5,10,Tue,Local holiday,,United States,WV,West Virginia
2022-05-12,International Nurses Day,2022,5,12,Thu,Worldwide observance,,United States,,
2022-05-13,Friday the 13th,2022,5,13,Fri,Worldwide observance,,United States,,
2022-05-13,Native American Day,2022,5,13,Fri,Local holiday,,United States,WY,Wyoming
2022-05-14,World Migratory Bird Day,2022,5,14,Sat,United Nations observance,,United States,,
2022-05-15,International Day of Families,2022,5,15,Sun,United Nations observance,,United States,,
2022-05-15,Peace Officers Memorial Day,2022,5,15,Sun,Observance,,United States,,
2022-05-16,Day of Vesak,2022,5,16,Mon,United Nations observance,,United States,,
2022-05-16,International Day of Living Together in Peace,2022,5,16,Mon,United Nations observance,,United States,,
2022-05-16,International Day of Light,2022,5,16,Mon,United Nations observance,,United States,,
2022-05-17,World Information Society Day,2022,5,17,Tue,United Nations observance,,United States,,
2022-05-19,Lag BaOmer,2022,5,19,Thu,Hebrew,,United States,,
2022-05-20,World Bee Day,2022,5,20,Fri,United Nations observance,,United States,,
2022-05-20,World Autoimmune / Autoinflammatory Arthritis Day,2022,5,20,Fri,Worldwide observance,,United States,,
2022-05-20,National Defense Transportation Day,2022,5,20,Fri,Observance,,United States,,
2022-05-21,World Day for Cultural Diversity for Dialogue and Development,2022,5,21,Sat,United Nations observance,,United States,,
2022-05-21,International Tea Day,2022,5,21,Sat,United Nations observance,,United States,,
2022-05-21,Public Lands Day,2022,5,21,Sat,Local observance,,United States,CO,Colorado
2022-05-21,Armed Forces Day,2022,5,21,Sat,Observance,,United States,,
2022-05-21,Preakness Stakes,2022,5,21,Sat,Sporting event,,United States,,
2022-05-22,International Day for Biological Diversity,2022,5,22,Sun,United Nations observance,,United States,,
2022-05-22,National Maritime Day,2022,5,22,Sun,Observance,,United States,,
2022-05-22,Harvey Milk Day,2022,5,22,Sun,Local observance,,United States,CA,California
2022-05-23,International Day to End Obstetric Fistula,2022,5,23,Mon,United Nations observance,,United States,,
2022-05-25,African Liberation Day,2022,5,25,Wed,Worldwide observance,,United States,,
2022-05-25,Emergency Medical Services for Children Day,2022,5,25,Wed,Observance,,United States,,
2022-05-25,"National Missing Children's Day",2022,5,25,Wed,Observance,,United States,,
2022-05-26,Ascension Day,2022,5,26,Thu,Christian,,United States,,
2022-05-29,International Day of United Nations Peacekeepers,2022,5,29,Sun,United Nations observance,,United States,,
2022-05-30,Memorial Day,2022,5,30,Mon,National holiday,,United States,,
2022-05-30,Decoration Day,2022,5,30,Mon,Local holiday,,United States,"AK, AL, AR, AZ, CA","Alaska,Alabama,Arkansas,Arizona,California"
2022-05-30,"Jefferson Davis' Birthday",2022,5,30,Mon,Local observance,,United States,MS,Mississippi
2022-05-31,World No Tobacco Day,2022,5,31,Tue,United Nations observance,,United States,,
2022-06-01,Global Day of Parents,2022,6,1,Wed,United Nations observance,,United States,,
2022-06-01,First Day of Pride Month,2022,6,1,Wed,Observance,,United States,,
2022-06-01,First Day of Caribbean-American Heritage Month,2022,6,1,Wed,Observance,,United States,,
2022-06-01,Statehood Day,2022,6,1,Wed,Local observance,,United States,"KY, TN","Kentucky,Tennessee"
2022-06-03,World Bicycle Day,2022,6,3,Fri,United Nations observance,,United States,,
2022-06-03,"Jefferson Davis' Birthday",2022,6,3,Fri,Local observance,,United States,FL,Florida
2022-06-04,International Day of Innocent Children Victims of Aggression,2022,6,4,Sat,United Nations observance,,United States,,
2022-06-05,Pentecost,2022,6,5,Sun,Christian,,United States,,
2022-06-05,Shavuot,2022,6,5,Sun,Hebrew,,United States,,
2022-06-05,World Environment Day,2022,6,5,Sun,United Nations observance,,United States,,
2022-06-05,"International Day for the Fight against Illegal, Unreported and Unregulated Fishing",2022,6,5,Sun,United Nations observance,,United States,,
2022-06-05,Native American Day,2022,6,5,Sun,Local holiday,,United States,AZ,Arizona
2022-06-06,Whit Monday,2022,6,6,Mon,Christian,,United States,,
2022-06-06,Day of the Russian Language,2022,6,6,Mon,United Nations observance,,United States,,
2022-06-06,"Jefferson Davis' Birthday",2022,6,6,Mon,Local holiday,,United States,AL,Alabama
2022-06-06,D-Day,2022,6,6,Mon,Observance,,United States,,
2022-06-07,World Food Safety Day,2022,6,7,Tue,United Nations observance,,United States,,
2022-06-08,World Oceans Day,2022,6,8,Wed,United Nations observance,,United States,,
2022-06-10,Kamehameha Day,2022,6,10,Fri,Local holiday,1,United States,HI,Hawaii
2022-06-11,Kamehameha Day,2022,6,11,Sat,Local holiday,,United States,HI,Hawaii
2022-06-11,Belmont Stakes,2022,6,11,Sat,Sporting event,,United States,,
2022-06-12,Trinity Sunday,2022,6,12,Sun,Christian,,United States,,
2022-06-12,World Day Against Child Labour,2022,6,12,Sun,United Nations observance,,United States,,
2022-06-12,Bunker Hill Day,2022,6,12,Sun,Local observance,,United States,MA,Massachusetts
2022-06-12,Loving Day,2022,6,12,Sun,Observance,,United States,,
2022-06-13,International Albinism Awareness Day,2022,6,13,Mon,United Nations observance,,United States,,
2022-06-14,World Blood Donor Day,2022,6,14,Tue,United Nations observance,,United States,,
2022-06-14,Army Birthday,2022,6,14,Tue,Observance,,United States,,
2022-06-14,Flag Day,2022,6,14,Tue,Observance,,United States,,
2022-06-15,World Elder Abuse Awareness Day,2022,6,15,Wed,United Nations observance,,United States,,
2022-06-16,Corpus Christi,2022,6,16,Thu,Christian,,United States,,
2022-06-16,International Day of Family Remittances,2022,6,16,Thu,United Nations observance,,United States,,
2022-06-17,World Day to Combat Desertification and Drought,2022,6,17,Fri,United Nations observance,,United States,,
2022-06-18,Sustainable Gastronomy Day,2022,6,18,Sat,United Nations observance,,United States,,
2022-06-18,Juneteenth Day,2022,6,18,Sat,Local holiday,,United States,"AK, AR","Alaska,Arkansas"
2022-06-18,Juneteenth National Freedom Day,2022,6,18,Sat,Local holiday,,United States,"CA, DE, ID","California,Delaware,Idaho"
2022-06-18,Juneteenth Independence Day,2022,6,18,Sat,Local holiday,,United States,CT,Connecticut
2022-06-18,Juneteenth,2022,6,18,Sat,Local holiday,,United States,LA,Louisiana
2022-06-18,Juneteenth National Freedom Day,2022,6,18,Sat,Local holiday,,United States,MI,Michigan
2022-06-18,Juneteenth,2022,6,18,Sat,Local holiday,,United States,MN,Minnesota
2022-06-18,Juneteenth National Freedom Day,2022,6,18,Sat,Local holiday,,United States,"MT, OK","Montana,Oklahoma"
2022-06-18,Juneteenth Freedom Day,2022,6,18,Sat,Local holiday,,United States,UT,Utah
2022-06-18,Juneteenth,2022,6,18,Sat,Local holiday,,United States,VT,Vermont
2022-06-19,International Day for the Elimination of Sexual Violence in Conflict,2022,6,19,Sun,United Nations observance,,United States,,
2022-06-19,"Father's Day",2022,6,19,Sun,Observance,,United States,,
2022-06-19,"Father's Day",2022,6,19,Sun,Local holiday,,United States,AZ,Arizona
2022-06-19,Juneteenth,2022,6,19,Sun,National holiday,,United States,,
2022-06-19,Juneteenth,2022,6,19,Sun,Local holiday,,United States,"AL, CO, IN, IA, KS, WY","Alabama,Colorado,Indiana,Iowa,Kansas,Wyoming"
2022-06-19,Juneteenth Day,2022,6,19,Sun,Local holiday,,United States,"AZ, FL, GA, HI, WI","Arizona,Florida,Georgia,Hawaii,Wisconsin"
2022-06-19,Juneteenth National Freedom Day,2022,6,19,Sun,Local holiday,,United States,IL,Illinois
2022-06-19,National Juneteenth Freedom Day,2022,6,19,Sun,Local holiday,,United States,KY (partly),Kentucky
2022-06-19,Juneteenth,2022,6,19,Sun,Local holiday,,United States,ME,Maine
2022-06-19,Juneteenth National Freedom Day,2022,6,19,Sun,Local holiday,,United States,MD,Maryland
2022-06-19,Juneteenth Independence Day,2022,6,19,Sun,Local holiday,,United States,MA,Massachusetts
2022-06-19,Juneteenth Freedom Day,2022,6,19,Sun,Local holiday,,United States,MS,Mississippi
2022-06-19,Emancipation Day,2022,6,19,Sun,Local holiday,,United States,MO,Missouri
2022-06-19,Juneteenth,2022,6,19,Sun,Local holiday,,United States,NE,Nebraska
2022-06-19,Juneteenth Day,2022,6,19,Sun,Local holiday,,United States,NV,Nevada
2022-06-19,Juneteenth,2022,6,19,Sun,Local holiday,,United States,NH,New Hampshire
2022-06-19,Juneteenth,2022,6,19,Sun,Local holiday,,United States,"NJ, NY, VA, WA","New Jersey,New York,Virginia,Washington"
2022-06-19,Juneteenth Freedom Day,2022,6,19,Sun,Local holiday,,United States,NM,New Mexico
2022-06-19,Juneteenth,2022,6,19,Sun,Local holiday,,United States,NC,North Carolina
2022-06-19,Juneteenth,2022,6,19,Sun,Local holiday,,United States,ND,North Dakota
2022-06-19,Juneteenth,2022,6,19,Sun,Local holiday,,United States,OH (partly),Ohio
2022-06-19,Juneteenth,2022,6,19,Sun,Local holiday,,United States,OR,Oregon
2022-06-19,Juneteenth National Freedom Day,2022,6,19,Sun,Local holiday,,United States,PA (partly),Pennsylvania
2022-06-19,Juneteenth Independence Day,2022,6,19,Sun,Observance,,United States,RI,Rhode Island
2022-06-19,Juneteenth Celebration of Freedom Day,2022,6,19,Sun,Local holiday,,United States,SC,South Carolina
2022-06-19,Juneteenth,2022,6,19,Sun,Observance,,United States,WV,West Virginia
2022-06-19,Emancipation Day,2022,6,19,Sun,Local holiday,,United States,TX,Texas
2022-06-20,World Refugee Day,2022,6,20,Mon,United Nations observance,,United States,,
2022-06-20,Juneteenth,2022,6,20,Mon,National holiday,1,United States,,
2022-06-20,National Juneteenth Freedom Day,2022,6,20,Mon,Local holiday,1,United States,KY (partly),Kentucky
2022-06-20,Juneteenth,2022,6,20,Mon,Local holiday,1,United States,ME,Maine
2022-06-20,Juneteenth,2022,6,20,Mon,Local holiday,1,United States,"NJ, NY, VA, WA","New Jersey,New York,Virginia,Washington"
2022-06-20,Juneteenth,2022,6,20,Mon,Local holiday,1,United States,OH (partly),Ohio
2022-06-20,Juneteenth National Freedom Day,2022,6,20,Mon,Local holiday,1,United States,PA (partly),Pennsylvania
2022-06-20,West Virginia Day,2022,6,20,Mon,Local holiday,,United States,WV,West Virginia
2022-06-20,American Eagle Day,2022,6,20,Mon,Observance,,United States,,
2022-06-21,International Day of Yoga,2022,6,21,Tue,United Nations observance,,United States,,
2022-06-21,International Day of the Celebration of the Solstice,2022,6,21,Tue,United Nations observance,,United States,,
2022-06-21,June Solstice,2022,6,21,Tue,Season,,United States,,
2022-06-23,Public Service Day,2022,6,23,Thu,United Nations observance,,United States,,
2022-06-23,"International Widows' Day",2022,6,23,Thu,United Nations observance,,United States,,
2022-06-25,Day of the Seafarer,2022,6,25,Sat,United Nations observance,,United States,,
2022-06-26,International Day Against Drug Abuse and Illicit Trafficking,2022,6,26,Sun,United Nations observance,,United States,,
2022-06-26,International Day in Support of Victims of Torture,2022,6,26,Sun,United Nations observance,,United States,,
2022-06-27,"Micro-, Small and Medium-sized Enterprises Day",2022,6,27,Mon,United Nations observance,,United States,,
2022-06-29,International Day of the Tropics,2022,6,29,Wed,United Nations observance,,United States,,
2022-06-30,International Asteroid Day,2022,6,30,Thu,United Nations observance,,United States,,
2022-06-30,International Day of Parliamentarism,2022,6,30,Thu,United Nations observance,,United States,,
2022-07-02,International Day of Cooperatives,2022,7,2,Sat,United Nations observance,,United States,,
2022-07-04,Independence Day,2022,7,4,Mon,National holiday,,United States,,
2022-07-04,Independence Day,2022,7,4,Mon,Local holiday,,United States,"AK, AL, AR, AZ","Alaska,Alabama,Arkansas,Arizona"
2022-07-04,Independence Day,2022,7,4,Mon,Local holiday,,United States,CA,California
2022-07-10,Eid al-Adha,2022,7,10,Sun,Muslim,,United States,,
2022-07-11,World Population Day,2022,7,11,Mon,United Nations observance,,United States,,
2022-07-13,Nathan Bedford Forrest Day,2022,7,13,Wed,Local observance,,United States,TN,Tennessee
2022-07-14,Bastille Day,2022,7,14,Thu,Observance,,United States,,
2022-07-15,World Youth Skills Day,2022,7,15,Fri,United Nations observance,,United States,,
2022-07-16,Rural Transit Day,2022,7,16,Sat,Observance,,United States,,
2022-07-18,Nelson Mandela Day,2022,7,18,Mon,United Nations observance,,United States,,
2022-07-20,World Chess Day,2022,7,20,Wed,United Nations observance,,United States,,
2022-07-24,Pioneer Day,2022,7,24,Sun,Local holiday,,United States,UT,Utah
2022-07-24,"Parents' Day",2022,7,24,Sun,Observance,,United States,,
2022-07-25,World Drowning Prevention Day,2022,7,25,Mon,United Nations observance,,United States,,
2022-07-25,Pioneer Day,2022,7,25,Mon,Local holiday,1,United States,UT,Utah
2022-07-27,Korean War Veteran Recognition Day,2022,7,27,Wed,Local observance,,United States,WV,West Virginia
2022-07-27,National Korean War Veterans Armistice Day,2022,7,27,Wed,Observance,,United States,,
2022-07-28,World Hepatitis Day,2022,7,28,Thu,United Nations observance,,United States,,
2022-07-30,Muharram,2022,7,30,Sat,Muslim,,United States,,
2022-07-30,International Day of Friendship,2022,7,30,Sat,United Nations observance,,United States,,
2022-07-30,World Day against Trafficking in Persons,2022,7,30,Sat,United Nations observance,,United States,,
2022-08-01,Colorado Day,2022,8,1,Mon,Local observance,,United States,CO,Colorado
2022-08-04,Coast Guard Birthday,2022,8,4,Thu,Observance,,United States,,
2022-08-04,Barack Obama Day,2022,8,4,Thu,Observance,,United States,IL,Illinois
2022-08-07,"Tisha B'Av",2022,8,7,Sun,Hebrew,,United States,,
2022-08-07,American Family Day,2022,8,7,Sun,Local holiday,,United States,AZ,Arizona
2022-08-07,Purple Heart Day,2022,8,7,Sun,Local observance,,United States,WV,West Virginia
2022-08-07,Purple Heart Day,2022,8,7,Sun,Observance,,United States,,
2022-08-07,Purple Heart Day,2022,8,7,Sun,Local observance,,United States,WY,Wyoming
2022-08-08,Ashura,2022,8,8,Mon,Muslim,,United States,,
2022-08-08,Victory Day,2022,8,8,Mon,Local holiday,,United States,RI,Rhode Island
2022-08-09,"International Day of the World's Indigenous People",2022,8,9,Tue,United Nations observance,,United States,,
2022-08-11,Raksha Bandhan,2022,8,11,Thu,Hinduism,,United States,,
2022-08-12,International Youth Day,2022,8,12,Fri,United Nations observance,,United States,,
2022-08-14,National Navajo Code Talkers Day,2022,8,14,Sun,Local holiday,,United States,AZ,Arizona
2022-08-15,Assumption of Mary,2022,8,15,Mon,Christian,,United States,,
2022-08-16,Bennington Battle Day,2022,8,16,Tue,Local holiday,,United States,VT,Vermont
2022-08-19,World Humanitarian Day,2022,8,19,Fri,United Nations observance,,United States,,
2022-08-19,Hawaii Statehood Day,2022,8,19,Fri,Local holiday,,United States,HI,Hawaii
2022-08-19,National Aviation Day,2022,8,19,Fri,Observance,,United States,,
2022-08-21,International Day of Remembrance of and Tribute to the Victims of Terrorism,2022,8,21,Sun,United Nations observance,,United States,,
2022-08-21,National Senior Citizens Day,2022,8,21,Sun,Observance,,United States,,
2022-08-22,International Day Commemorating the Victims of Acts of Violence Based on Religion or Belief,2022,8,22,Mon,United Nations observance,,United States,,
2022-08-23,International Day for the Remembrance of the Slave Trade and its Abolition,2022,8,23,Tue,United Nations observance,,United States,,
2022-08-26,"Susan B. Anthony's Birthday",2022,8,26,Fri,Local observance,,United States,MA,Massachusetts
2022-08-26,"Women's Equality Day",2022,8,26,Fri,Observance,,United States,,
2022-08-27,Lyndon Baines Johnson Day,2022,8,27,Sat,Local holiday,,United States,TX,Texas
2022-08-29,International Day against Nuclear Tests,2022,8,29,Mon,United Nations observance,,United States,,
2022-08-30,Ganesh Chaturthi,2022,8,30,Tue,Hinduism,,United States,,
2022-08-30,International Day of the Victims of Enforced Disappearances,2022,8,30,Tue,United Nations observance,,United States,,
2022-08-31,International Day for People of African Descent,2022,8,31,Wed,United Nations observance,,United States,,
2022-08-31,International Overdose Awareness Day,2022,8,31,Wed,Worldwide observance,,United States,,
2022-09-04,World Sexual Health Day,2022,9,4,Sun,Worldwide observance,,United States,,
2022-09-05,International Day of Charity,2022,9,5,Mon,United Nations observance,,United States,,
2022-09-05,Labor Day,2022,9,5,Mon,Local holiday,,United States,,"Alabama,Alaska,Arizona,Arkansas,California,Colorado,Connecticut,Florida,Delaware,District of Columbia,Georgia,Hawaii,Idaho,Illinois,Indiana,Iowa,Kansas,Kentucky,Louisiana,Massachusetts,Maine,Maryland,Michigan,Minnesota,Missouri,Mississippi,Montana,Nebraska,New Hampshire,Nevada,New Jersey,New Mexico,North Carolina,New York,North Dakota,Ohio,Oklahoma,Oregon,Pennsylvania,Rhode Island,South Carolina,South Dakota,Tennessee,Texas,Utah,Vermont,Virginia,Washington,West Virginia,Wyoming,Wisconsin"
2022-09-05,Labor Day,2022,9,5,Mon,National holiday,,United States,,
2022-09-07,International Day of Clean Air for Blue Skies,2022,9,7,Wed,United Nations observance,,United States,,
2022-09-08,International Literacy Day,2022,9,8,Thu,United Nations observance,,United States,,
2022-09-09,International Day to Protect Education from Attack,2022,9,9,Fri,United Nations observance,,United States,,
2022-09-09,California Admission Day,2022,9,9,Fri,Local holiday,,United States,CA (partly),California
2022-09-10,World Suicide Prevention Day,2022,9,10,Sat,Worldwide observance,,United States,,
2022-09-10,Carl Garner Federal Lands Cleanup Day,2022,9,10,Sat,Observance,,United States,,
2022-09-10,Native American Day,2022,9,10,Sat,Local holiday,,United States,DE,Delaware
2022-09-11,First Responders Day,2022,9,11,Sun,Observance,,United States,NC,North Carolina
2022-09-11,Patriot Day,2022,9,11,Sun,Local holiday,,United States,AK,Alaska
2022-09-11,Patriot Day,2022,9,11,Sun,Observance,,United States,,
2022-09-11,National Grandparents Day,2022,9,11,Sun,Observance,,United States,,
2022-09-11,Constitution Commemoration Day,2022,9,11,Sun,Local holiday,,United States,AZ,Arizona
2022-09-12,International Day for South-South Cooperation,2022,9,12,Mon,United Nations observance,,United States,,
2022-09-13,"International Programmers' Day",2022,9,13,Tue,Worldwide observance,,United States,,
2022-09-15,International Day of Democracy,2022,9,15,Thu,United Nations observance,,United States,,
2022-09-16,International Day for the Preservation of the Ozone Layer,2022,9,16,Fri,United Nations observance,,United States,,
2022-09-16,Constitution Day and Citizenship Day,2022,9,16,Fri,Observance,1,United States,,
2022-09-16,National POW/MIA Recognition Day,2022,9,16,Fri,Observance,,United States,,
2022-09-17,World Patient Safety Day,2022,9,17,Sat,United Nations observance,,United States,,
2022-09-17,"Still's Disease Awareness Day",2022,9,17,Sat,Worldwide observance,,United States,,
2022-09-17,Constitution Day and Citizenship Day,2022,9,17,Sat,Observance,,United States,,
2022-09-17,National CleanUp Day,2022,9,17,Sat,Observance,,United States,,
2022-09-18,International Equal Pay Day,2022,9,18,Sun,United Nations observance,,United States,,
2022-09-18,Air Force Birthday,2022,9,18,Sun,Observance,,United States,,
2022-09-21,International Day of Peace,2022,9,21,Wed,United Nations observance,,United States,,
2022-09-22,World Maritime Day,2022,9,22,Thu,United Nations observance,,United States,,
2022-09-22,Emancipation Day,2022,9,22,Thu,Local observance,,United States,OH,Ohio
2022-09-23,International Day of Sign Languages,2022,9,23,Fri,United Nations observance,,United States,,
2022-09-23,International Celebrate Bisexuality Day,2022,9,23,Fri,Worldwide observance,,United States,,
2022-09-23,Native American Day,2022,9,23,Fri,Local holiday,,United States,NV,Nevada
2022-09-23,Native American Day,2022,9,23,Fri,Local holiday,,United States,CA,California
2022-09-23,Michigan Indian Day,2022,9,23,Fri,Local holiday,,United States,MI,Michigan
2022-09-23,September Equinox,2022,9,22,Fri,Season,,United States,,
2022-09-24,Public Lands Day,2022,9,24,Sat,Local observance,,United States,WY,Wyoming
2022-09-24,National Public Lands Day,2022,9,24,Sat,Observance,,United States,,
2022-09-25,"Gold Star Mother's Day",2022,9,25,Sun,Observance,,United States,,
2022-09-26,Navratri,2022,9,26,Mon,Hinduism,,United States,,
2022-09-26,Rosh Hashana,2022,9,26,Mon,Hebrew,,United States,,
2022-09-26,International Day for the Total Elimination of Nuclear Weapons,2022,9,26,Mon,United Nations observance,,United States,,
2022-09-26,American Indian Day,2022,9,26,Mon,Local holiday,,United States,TN,Tennessee
2022-09-26,Rosh Hashana,2022,9,26,Mon,Local holiday,,United States,TX (optional),Texas
2022-09-27,World Tourism Day,2022,9,27,Tue,United Nations observance,,United States,,
2022-09-28,International Day for Universal Access to Information,2022,9,28,Wed,United Nations observance,,United States,,
2022-09-28,World Rabies Day,2022,9,28,Wed,Worldwide observance,,United States,,
2022-09-29,International Day of Awareness of Food Loss and Waste,2022,9,29,Thu,United Nations observance,,United States,,
2022-09-29,World Heart Day,2022,9,29,Thu,Worldwide observance,,United States,,
2022-09-30,International Translation Day,2022,9,30,Fri,United Nations observance,,United States,,
2022-09-30,American Indian Heritage Day,2022,9,30,Fri,Local holiday,,United States,MT,Montana
2022-09-30,American Indian Heritage Day,2022,9,30,Fri,Local holiday,,United States,TX,Texas
2022-10-01,International Day of Older Persons,2022,10,1,Sat,United Nations observance,,United States,,
2022-10-01,World Vegetarian Day,2022,10,1,Sat,Worldwide observance,,United States,,
2022-10-02,International Day of Non-Violence,2022,10,2,Sun,United Nations observance,,United States,,
2022-10-03,World Habitat Day,2022,10,3,Mon,United Nations observance,,United States,,
2022-10-03,Frances Xavier Cabrini Day,2022,10,3,Mon,Local holiday,,United States,CO,Colorado
2022-10-03,Child Health Day,2022,10,3,Mon,Observance,,United States,,
2022-10-04,Feast of St Francis of Assisi,2022,10,4,Tue,Christian,,United States,,
2022-10-04,Dussehra,2022,10,4,Tue,Hinduism,,United States,,
2022-10-05,Yom Kippur,2022,10,5,Wed,Hebrew,,United States,,
2022-10-05,"World Teachers' Day",2022,10,5,Wed,United Nations observance,,United States,,
2022-10-05,Yom Kippur,2022,10,5,Wed,Local holiday,,United States,TX (optional),Texas
2022-10-06,World Cerebral Palsy Day,2022,10,6,Thu,Worldwide observance,,United States,,
2022-10-08,"The Prophet's Birthday",2022,10,8,Sat,Muslim,,United States,,
2022-10-08,"Robert E. Lee's Birthday",2022,10,8,Sat,Local observance,,United States,AR,Arkansas
2022-10-09,World Post Day,2022,10,9,Sun,United Nations observance,,United States,,
2022-10-09,Leif Erikson Day,2022,10,9,Sun,Local observance,,United States,CO,Colorado
2022-10-09,Leif Erikson Day,2022,10,9,Sun,Observance,,United States,,
2022-10-10,First Day of Sukkot,2022,10,10,Mon,Hebrew,,United States,,
2022-10-10,World Mental Health Day,2022,10,10,Mon,United Nations observance,,United States,,
2022-10-10,Columbus Day,2022,10,10,Mon,Local holiday,,United States,22 states,"Alabama,Arizona,Connecticut,Georgia,Idaho,Illinois,Indiana,Kansas,Massachusetts,Maryland,Minnesota,Missouri,Montana,Nebraska,New Jersey,New York,Ohio,Pennsylvania,Rhode Island,Utah,Virginia,West Virginia"
2022-10-10,Columbus Day,2022,10,10,Mon,Local holiday,,United States,TN,Tennessee
2022-10-10,Columbus Day,2022,10,10,Mon,National holiday,,United States,,
2022-10-10,Fraternal Day,2022,10,10,Mon,Local holiday,,United States,AL,Alabama
2022-10-10,Yorktown Victory Day,2022,10,10,Mon,Local holiday,,United States,VA,Virginia
2022-10-10,Discoverers’ Day,2022,10,10,Mon,Local holiday,,United States,HI,Hawaii
2022-10-10,Native American Day,2022,10,10,Mon,Local holiday,,United States,SD,South Dakota
2022-10-10,Native American Day,2022,10,10,Mon,Local holiday,,United States,OK,Oklahoma
2022-10-10,"Indigenous People's Day",2022,10,10,Mon,Local holiday,,United States,"DC, ME, NE, NM","District of Columbia,Maine,Nebraska,New Mexico"
2022-10-10,"Indigenous People's Day",2022,10,10,Mon,Local holiday,,United States,28 states,"Alaska,Arizona,Colorado,Iowa,Indiana,Kansas,Kentucky,Massachusetts,Maryland,Montana,Nevada,New Hampshire,New Jersey,New York,North Carolina,North Dakota,Ohio,Oklahoma,Oregon,Pennsylvania,Tennessee,Texas,Utah,Vermont,Virginia,Washington,West Virginia,Wisconsin"
2022-10-10,"Indigenous People's Day",2022,10,10,Mon,Local holiday,,United States,"MI, MN","Michigan,Minnesota"
2022-10-10,American Indian Heritage Day,2022,10,10,Mon,Local holiday,,United States,AL,Alabama
2022-10-11,International Day of the Girl Child,2022,10,11,Tue,United Nations observance,,United States,,
2022-10-11,Casimir Pulaski Day,2022,10,11,Tue,Local observance,,United States,MI,Michigan
2022-10-11,Casimir Pulaski Day,2022,10,11,Tue,Local observance,,United States,MI,Michigan
2022-10-11,Casimir Pulaski Day,2022,10,11,Tue,Local observance,,United States,RI,Rhode Island
2022-10-11,Anniversary of Death of General Pulaski,2022,10,11,Tue,Local observance,,United States,MA,Massachusetts
2022-10-12,International Day for Natural Disaster Reduction,2022,10,12,Wed,United Nations observance,,United States,,
2022-10-12,World Spanish Language Day,2022,10,12,Wed,United Nations observance,,United States,,
2022-10-13,World Sight Day,2022,10,13,Thu,Worldwide observance,,United States,,
2022-10-13,Navy Birthday,2022,10,13,Thu,Observance,,United States,,
2022-10-15,International Day of Rural Women,2022,10,15,Sat,United Nations observance,,United States,,
2022-10-15,White Cane Safety Day,2022,10,15,Sat,Observance,,United States,,
2022-10-15,Sweetest Day,2022,10,15,Sat,Observance,,United States,13 states,"Illinois,Indiana,Kentucky,Michigan,Missouri,North Dakota,Ohio,South Dakota,Wisconsin,West Virginia,Washington,New York,Pennsylvania"
2022-10-16,Last Day of Sukkot,2022,10,16,Sun,Hebrew,,United States,,
2022-10-16,World Food Day,2022,10,16,Sun,United Nations observance,,United States,,
2022-10-17,Shmini Atzeret,2022,10,17,Mon,Hebrew,,United States,,
2022-10-17,International Day for the Eradication of Poverty,2022,10,17,Mon,United Nations observance,,United States,,
2022-10-17,"Boss's Day",2022,10,17,Mon,Observance,,United States,,
2022-10-18,Simchat Torah,2022,10,18,Tue,Hebrew,,United States,,
2022-10-18,Alaska Day,2022,10,18,Tue,Local holiday,,United States,AK,Alaska
2022-10-24,Diwali/Deepavali,2022,10,24,Mon,Hinduism,,United States,,
2022-10-24,United Nations Day,2022,10,24,Mon,United Nations observance,,United States,,
2022-10-24,World Development Information Day,2022,10,24,Mon,United Nations observance,,United States,,
2022-10-27,World Day for Audiovisual Heritage,2022,10,27,Thu,United Nations observance,,United States,,
2022-10-28,Nevada Day,2022,10,28,Fri,Local holiday,,United States,NV,Nevada
2022-10-29,World Stroke Day,2022,10,29,Sat,Worldwide observance,,United States,,
2022-10-31,World Cities Day,2022,10,31,Mon,United Nations observance,,United States,,
2022-10-31,Halloween,2022,10,31,Mon,Observance,,United States,,
2022-11-01,"All Saints' Day",2022,11,1,Tue,Christian,,United States,,
2022-11-01,World Vegan Day,2022,11,1,Tue,Worldwide observance,,United States,,
2022-11-01,First Day of Native American Heritage Month,2022,11,1,Tue,Observance,,United States,,
2022-11-02,"All Souls' Day",2022,11,2,Wed,Christian,,United States,,
2022-11-02,International Day to End Impunity for Crimes against Journalists,2022,11,2,Wed,United Nations observance,,United States,,
2022-11-05,World Tsunami Awareness Day,2022,11,5,Sat,United Nations observance,,United States,,
2022-11-06,International Day for Preventing the Exploitation of the Environment in War and Armed Conflict,2022,11,6,Sun,United Nations observance,,United States,,
2022-11-06,New York City Marathon,2022,11,6,Sun,Sporting event,,United States,,
2022-11-06,Daylight Saving Time ends,2022,11,6,Sun,Clock change/Daylight Saving Time,,United States,,
2022-11-08,Election Day,2022,11,8,Tue,Observance,,United States,,
2022-11-08,Election Day,2022,11,8,Tue,Local holiday,,United States,"HI, DE, IL, IN, MI, MT, WV, MD, NJ, NY, RI","Hawaii,Delaware,Illinois,Indiana,Michigan,Montana,West Virginia,Maryland,New Jersey,New York,Rhode Island"
2022-11-08,Election Day,2022,11,8,Tue,Local holiday,,United States,VA,Virginia
2022-11-08,Election Day,2022,11,8,Tue,Local holiday,,United States,NJ,New Jersey
2022-11-08,"Susan B. Anthony's Birthday",2022,11,8,Tue,Local observance,,United States,WV,West Virginia
2022-11-10,World Science Day for Peace and Development,2022,11,10,Thu,United Nations observance,,United States,,
2022-11-10,Marine Corps Birthday,2022,11,10,Thu,Observance,,United States,,
2022-11-10,Return Day,2022,11,10,Thu,Local holiday,,United States,DE (partly),Delaware
2022-11-11,Veterans Day,2022,11,11,Fri,National holiday,,United States,,
2022-11-11,Veterans Day,2022,11,11,Fri,Local holiday,,United States,"MS, NY, WI","Mississippi,New York,Wisconsin"
2022-11-11,Veterans Day,2022,11,11,Fri,Local holiday,,United States,"All except MA, MS, NY, RI, TX, WI, WY","Alabama,Alaska,Arizona,Arkansas,California,Colorado,Connecticut,Florida,Delaware,District of Columbia,Georgia,Hawaii,Idaho,Illinois,Indiana,Iowa,Kansas,Kentucky,Louisiana,Maryland,Maine,Michigan,Minnesota,Missouri,Montana,Nebraska,Nevada,New Jersey,New Hampshire,New Mexico,North Carolina,North Dakota,Ohio,Oklahoma,Oregon,Pennsylvania,South Carolina,South Dakota,Tennessee,Utah,Vermont,Virginia,Washington,West Virginia"
2022-11-11,"Veterans' Day/Armistice Day",2022,11,11,Fri,Local holiday,,United States,MS,Mississippi
2022-11-11,"Veterans' Day/Armistice Day",2022,11,11,Fri,Local holiday,,United States,RI,Rhode Island
2022-11-11,"Veterans' Day/Armistice Day",2022,11,11,Fri,Local holiday,,United States,TX,Texas
2022-11-12,World Pneumonia Day,2022,11,12,Sat,Worldwide observance,,United States,,
2022-11-14,World Diabetes Day,2022,11,14,Mon,United Nations observance,,United States,,
2022-11-14,Barack Obama Day,2022,11,14,Mon,Local observance,,United States,AL (community),Alabama
2022-11-16,International Day for Tolerance,2022,11,16,Wed,United Nations observance,,United States,,
2022-11-17,World Philosophy Day,2022,11,17,Thu,United Nations observance,,United States,,
2022-11-17,World Prematurity Day,2022,11,17,Thu,Worldwide observance,,United States,,
2022-11-19,World Toilet Day,2022,11,19,Sat,United Nations observance,,United States,,
2022-11-19,"International Men's Day",2022,11,19,Sat,Worldwide observance,,United States,,
2022-11-19,George Rogers Clark Day,2022,11,19,Sat,Local observance,,United States,OH,Ohio
2022-11-20,World Day of Remembrance for Road Traffic Victims,2022,11,20,Sun,United Nations observance,,United States,,
2022-11-20,"Universal Children's Day",2022,11,20,Sun,United Nations observance,,United States,,
2022-11-20,Africa Industrialization Day,2022,11,20,Sun,United Nations observance,,United States,,
2022-11-21,World Television Day,2022,11,21,Mon,United Nations observance,,United States,,
2022-11-24,Thanksgiving Day,2022,11,24,Thu,Local holiday,,United States,,"Alabama,Alaska,Arizona,Arkansas,California,Colorado,Connecticut,Florida,Delaware,District of Columbia,Georgia,Hawaii,Idaho,Illinois,Indiana,Iowa,Kansas,Kentucky,Louisiana,Massachusetts,Maine,Maryland,Michigan,Minnesota,Missouri,Mississippi,Montana,Nebraska,New Hampshire,Nevada,New Jersey,New Mexico,North Carolina,New York,North Dakota,Ohio,Oklahoma,Oregon,Pennsylvania,Rhode Island,South Carolina,South Dakota,Tennessee,Texas,Utah,Vermont,Virginia,Washington,West Virginia,Wyoming,Wisconsin"
2022-11-24,Thanksgiving Day,2022,11,24,Thu,National holiday,,United States,,
2022-11-25,International Day for the Elimination of Violence against Women,2022,11,25,Fri,United Nations observance,,United States,,
2022-11-25,State Holiday,2022,11,25,Fri,Local holiday,,United States,GA,Georgia
2022-11-25,"Presidents' Day",2022,11,25,Fri,Local holiday,,United States,NM,New Mexico
2022-11-25,"Lincoln's Birthday/Lincoln's Day",2022,11,25,Fri,Local holiday,,United States,IN,Indiana
2022-11-25,Day After Thanksgiving,2022,11,25,Fri,Local holiday,,United States,WV,West Virginia
2022-11-25,Day After Thanksgiving,2022,11,25,Fri,Local holiday,,United States,19 states,"California,Delaware,Florida,Illinois,Iowa,Kansas,Kentucky,Maine,Michigan,Minnesota,North Carolina,Nebraska,New Hampshire,Oklahoma,Pennsylvania,South Carolina,Tennessee,Texas,Virginia"
2022-11-25,Family Day,2022,11,25,Fri,Local holiday,,United States,NV,Nevada
2022-11-25,Acadian Day,2022,11,25,Fri,Local holiday,,United States,LA,Louisiana
2022-11-25,Black Friday,2022,11,25,Fri,Observance,,United States,,
2022-11-25,American Indian Heritage Day,2022,11,25,Fri,Local holiday,,United States,MD,Maryland
2022-11-25,Native American Heritage Day,2022,11,25,Fri,Local holiday,,United States,WA,Washington
2022-11-25,Native American Heritage Day,2022,11,25,Fri,Observance,,United States,,
2022-11-27,First Sunday of Advent,2022,11,27,Sun,Christian,,United States,,
2022-11-28,Cyber Monday,2022,11,28,Mon,Observance,,United States,,
2022-11-29,International Day of Solidarity with the Palestinian People,2022,11,29,Tue,United Nations observance,,United States,,
2022-11-29,"Nellie Tayloe Ross's Birthday",2022,11,29,Tue,Local observance,,United States,WY,Wyoming
2022-11-30,Day of Remembrance for all Victims of Chemical Warfare,2022,11,30,Wed,United Nations observance,,United States,,
2022-12-01,World AIDS Day,2022,12,1,Thu,United Nations observance,,United States,,
2022-12-01,Rosa Parks Day,2022,12,1,Thu,Local holiday,,United States,AL,Alabama
2022-12-01,Rosa Parks Day,2022,12,1,Thu,Local observance,,United States,OH,Ohio
2022-12-01,Rosa Parks Day,2022,12,1,Thu,Local observance,,United States,OR,Oregon
2022-12-02,International Day for the Abolition of Slavery,2022,12,2,Fri,United Nations observance,,United States,,
2022-12-03,International Day of Persons with Disabilities,2022,12,3,Sat,United Nations observance,,United States,,
2022-12-04,International Day of Banks,2022,12,4,Sun,United Nations observance,,United States,,
2022-12-05,International Volunteer Day for Economic and Social Development,2022,12,5,Mon,United Nations observance,,United States,,
2022-12-05,World Soil Day,2022,12,5,Mon,United Nations observance,,United States,,
2022-12-06,St Nicholas Day,2022,12,6,Tue,Observance,,United States,,
2022-12-07,International Civil Aviation Day,2022,12,7,Wed,United Nations observance,,United States,,
2022-12-07,Pearl Harbor Remembrance Day,2022,12,7,Wed,Local observance,,United States,AK,Alaska
2022-12-07,Pearl Harbor Remembrance Day,2022,12,7,Wed,Observance,,United States,,
2022-12-07,Pearl Harbor Remembrance Day,2022,12,7,Wed,Local observance,,United States,WY,Wyoming
2022-12-07,Delaware Day,2022,12,7,Wed,Local observance,,United States,DE,Delaware
2022-12-08,Feast of the Immaculate Conception,2022,12,8,Thu,Christian,,United States,,
2022-12-09,International Anti-Corruption Day,2022,12,9,Fri,United Nations observance,,United States,,
2022-12-09,World Genocide Commemoration Day,2022,12,9,Fri,United Nations observance,,United States,,
2022-12-10,Human Rights Day,2022,12,10,Sat,United Nations observance,,United States,,
2022-12-10,Wyoming Day,2022,12,10,Sat,Local observance,,United States,WY,Wyoming
2022-12-11,International Mountain Day,2022,12,11,Sun,United Nations observance,,United States,,
2022-12-12,International Day of Neutrality,2022,12,12,Mon,United Nations observance,,United States,,
2022-12-12,International Universal Health Coverage Day,2022,12,12,Mon,United Nations observance,,United States,,
2022-12-12,Feast of Our Lady of Guadalupe,2022,12,12,Mon,Christian,,United States,,
2022-12-13,National Guard Birthday,2022,12,13,Tue,Observance,,United States,,
2022-12-15,Bill of Rights Day,2022,12,15,Thu,Observance,,United States,,
2022-12-17,Pan American Aviation Day,2022,12,17,Sat,Observance,,United States,,
2022-12-17,Wright Brothers Day,2022,12,17,Sat,Observance,,United States,,
2022-12-18,International Migrants Day,2022,12,18,Sun,United Nations observance,,United States,,
2022-12-18,Arabic Language Day,2022,12,18,Sun,United Nations observance,,United States,,
2022-12-19,Chanukah/Hanukkah (first day),2022,12,19,Mon,Hebrew,,United States,,
2022-12-20,International Human Solidarity Day,2022,12,20,Tue,United Nations observance,,United States,,
2022-12-21,December Solstice,2022,12,21,Wed,Season,,United States,,
2022-12-23,Christmas Eve,2022,12,23,Fri,Local holiday,1,United States,"MI, KS (partly), NC, ND, OK, SC, TX, WI, VA (partly), KY","Michigan,Kansas,North Carolina,North Dakota,Oklahoma,South Carolina,Texas,Wisconsin,Virginia,Kentucky"
2022-12-23,Christmas Eve,2022,12,23,Fri,Local holiday,1,United States,AR,Arkansas
2022-12-24,Christmas Eve,2022,12,24,Sat,Local holiday,,United States,AR,Arkansas
2022-12-24,Christmas Eve,2022,12,24,Sat,Local holiday,,United States,"MI, KS (partly), NC, ND, OK, SC, TX, WI, VA (partly), KY","Michigan,Kansas,North Carolina,North Dakota,Oklahoma,South Carolina,Texas,Wisconsin,Virginia,Kentucky"
2022-12-24,Christmas Eve,2022,12,24,Sat,"Observance,Christian",,United States,,
2022-12-25,Christmas Day,2022,12,25,Sun,"National holiday,Christian",,United States,,
2022-12-25,Christmas Day,2022,12,25,Sun,"Local holiday,Christian",,United States,CA,California
2022-12-25,Christmas Day,2022,12,25,Sun,"Local holiday,Christian",,United States,"AK, AL, AR, AZ","Alaska,Alabama,Arkansas,Arizona"
2022-12-26,Last Day of Chanukah,2022,12,26,Mon,Hebrew,,United States,,
2022-12-26,Kwanzaa (first day),2022,12,26,Mon,Observance,,United States,,
2022-12-26,Christmas Day,2022,12,26,Mon,"Local holiday,Christian",1,United States,"AK, AL, AR, AZ","Alaska,Alabama,Arkansas,Arizona"
2022-12-26,Christmas Day,2022,12,26,Mon,"Local holiday,Christian",1,United States,CA,California
2022-12-26,Christmas Day,2022,12,26,Mon,"National holiday,Christian",1,United States,,
2022-12-26,Day After Christmas Day,2022,12,26,Mon,Local holiday,,United States,TX,Texas
2022-12-26,Day After Christmas Day,2022,12,26,Mon,Local holiday,,United States,"KS, NC, SC","Kansas,North Carolina,South Carolina"
2022-12-27,International Day of Epidemic Preparedness,2022,12,27,Tue,United Nations observance,,United States,,
2022-12-30,"New Year's Eve",2022,12,30,Fri,Local holiday,1,United States,"WI, LA, MI","Wisconsin,Louisiana,Michigan"
2022-12-31,"New Year's Eve",2022,12,31,Sat,Observance,,United States,,
2022-12-31,"New Year's Eve",2022,12,31,Sat,Local holiday,,United States,"WI, LA, MI","Wisconsin,Louisiana,Michigan"
